title,url
시카고,http://ticket.interpark.com/Ticket/Goods/GoodsInfo.asp?GoodsCode=24005266
베르사유의 장미,http://ticket.interpark.com/Ticket/Goods/GoodsInfo.asp?GoodsCode=24007345
하데스타운,http://ticket.interpark.com/Ticket/Goods/GoodsInfo.asp?GoodsCode=24006851
프랑켄슈타인 - 10주년,http://ticket.interpark.com/Ticket/Goods/GoodsInfo.asp?GoodsCode=24005971
영웅 - 15주년,http://ticket.interpark.com/Ticket/Goods/GoodsInfo.asp?GoodsCode=P0003831
이블데드,http://ticket.interpark.com/Ticket/Goods/GoodsInfo.asp?GoodsCode=24006677
젠틀맨스 가이드 : 사랑과 살인편,http://ticket.interpark.com/Ticket/Goods/GoodsInfo.asp?GoodsCode=24007239
메노포즈,http://ticket.interpark.com/Ticket/Goods/GoodsInfo.asp?GoodsCode=24006465
4월은 너의 거짓말,http://ticket.interpark.com/Ticket/Goods/GoodsInfo.asp?GoodsCode=24006816
빨래,http://ticket.interpark.com/Ticket/Goods/GoodsInfo.asp?GoodsCode=24006709
베어 더 뮤지컬,http://ticket.interpark.com/Ticket/Goods/GoodsInfo.asp?GoodsCode=24004835
수박 수영장,http://ticket.interpark.com/Ticket/Goods/GoodsInfo.asp?GoodsCode=24005702
카르밀라,http://ticket.interpark.com/Ticket/Goods/GoodsInfo.asp?GoodsCode=24006970
사형수는 울었다,http://ticket.interpark.com/Ticket/Goods/GoodsInfo.asp?GoodsCode=24008472
어쩌면 해피엔딩,http://ticket.interpark.com/Ticket/Goods/GoodsInfo.asp?GoodsCode=24006741
살리에르,http://ticket.interpark.com/Ticket/Goods/GoodsInfo.asp?GoodsCode=24006932
6시 퇴근,http://ticket.interpark.com/Ticket/Goods/GoodsInfo.asp?GoodsCode=24004604
정글북,http://ticket.interpark.com/Ticket/Goods/GoodsInfo.asp?GoodsCode=24005157
박열,http://ticket.interpark.com/Ticket/Goods/GoodsInfo.asp?GoodsCode=24007631
연남장 캬바레 - 이영미의 SONG FOR MEE,http://ticket.interpark.com/Ticket/Goods/GoodsInfo.asp?GoodsCode=24008034
등등곡,http://ticket.interpark.com/Ticket/Goods/GoodsInfo.asp?GoodsCode=24006746
미오 프라텔로,http://ticket.interpark.com/Ticket/Goods/GoodsInfo.asp?GoodsCode=24005912
베베핀 뮤지컬 '우당탕탕 패밀리' - 과천,http://ticket.interpark.com/Ticket/Goods/GoodsInfo.asp?GoodsCode=24006568
유진과 유진,http://ticket.interpark.com/Ticket/Goods/GoodsInfo.asp?GoodsCode=24008248
바다 100층짜리 집,http://ticket.interpark.com/Ticket/Goods/GoodsInfo.asp?GoodsCode=24007213
시크릿쥬쥬 별의 보석,http://ticket.interpark.com/Ticket/Goods/GoodsInfo.asp?GoodsCode=24006247
장수탕 선녀님,http://ticket.interpark.com/Ticket/Goods/GoodsInfo.asp?GoodsCode=21007404
접변,http://ticket.interpark.com/Ticket/Goods/GoodsInfo.asp?GoodsCode=24008373
페인터즈 - 광화문전용관,http://ticket.interpark.com/Ticket/Goods/GoodsInfo.asp?GoodsCode=22014959
뮤지컬 썸데이,http://ticket.interpark.com/Ticket/Goods/GoodsInfo.asp?GoodsCode=24007874
연남동 빙굴빙굴 빨래방,http://ticket.interpark.com/Ticket/Goods/GoodsInfo.asp?GoodsCode=24005493
에밀,http://ticket.interpark.com/Ticket/Goods/GoodsInfo.asp?GoodsCode=24006256
프리즌,http://ticket.interpark.com/Ticket/Goods/GoodsInfo.asp?GoodsCode=21003285
써니텐,http://ticket.interpark.com/Ticket/Goods/GoodsInfo.asp?GoodsCode=22007582
매직 판타지아 ,http://ticket.interpark.com/Ticket/Goods/GoodsInfo.asp?GoodsCode=24007000
연남장 캬바레 - 오늘 처음 만드는 뮤지컬,http://ticket.interpark.com/Ticket/Goods/GoodsInfo.asp?GoodsCode=24007991
시데레우스,http://ticket.interpark.com/Ticket/Goods/GoodsInfo.asp?GoodsCode=24008243
넌버벌 코미디 〈옹알스〉,http://ticket.interpark.com/Ticket/Goods/GoodsInfo.asp?GoodsCode=24004338
라면에 파송송,http://ticket.interpark.com/Ticket/Goods/GoodsInfo.asp?GoodsCode=22004693
난타 - 명동,http://ticket.interpark.com/Ticket/Goods/GoodsInfo.asp?GoodsCode=22006637
인사이드 미,http://ticket.interpark.com/Ticket/Goods/GoodsInfo.asp?GoodsCode=23018498
뮤지컬 달 샤베트 - 서울숲,http://ticket.interpark.com/Ticket/Goods/GoodsInfo.asp?GoodsCode=24003081
이머시브 뮤지컬 ＇흔해빠진일＇,http://ticket.interpark.com/Ticket/Goods/GoodsInfo.asp?GoodsCode=L0000091
설민석의 한국사 대모험 - 영웅의 시간,http://ticket.interpark.com/Ticket/Goods/GoodsInfo.asp?GoodsCode=24007068
2024 최현우 아판타시아 - 서울,http://ticket.interpark.com/Ticket/Goods/GoodsInfo.asp?GoodsCode=24007703
김종욱 찾기,http://ticket.interpark.com/Ticket/Goods/GoodsInfo.asp?GoodsCode=23018708
엄마는 안 가르쳐 줘,http://ticket.interpark.com/Ticket/Goods/GoodsInfo.asp?GoodsCode=24007573
아기돼지야 준비해 - 청주,http://ticket.interpark.com/Ticket/Goods/GoodsInfo.asp?GoodsCode=22004820
연남장 캬바레 - 주민진의 THE RIDE OF MY LIFE,http://ticket.interpark.com/Ticket/Goods/GoodsInfo.asp?GoodsCode=24007949
종이아빠,http://ticket.interpark.com/Ticket/Goods/GoodsInfo.asp?GoodsCode=24007574
투모로우 모닝,http://ticket.interpark.com/Ticket/Goods/GoodsInfo.asp?GoodsCode=23007065
천로역정,http://ticket.interpark.com/Ticket/Goods/GoodsInfo.asp?GoodsCode=23016783
헬로카봇,http://ticket.interpark.com/Ticket/Goods/GoodsInfo.asp?GoodsCode=24007646
"뮤지컬 베어만 - 청주,세종",http://ticket.interpark.com/Ticket/Goods/GoodsInfo.asp?GoodsCode=23018688
썸데이,http://ticket.interpark.com/Ticket/Goods/GoodsInfo.asp?GoodsCode=24003273
아기 돼지 삼형제 ,http://ticket.interpark.com/Ticket/Goods/GoodsInfo.asp?GoodsCode=24009893
핑크퐁과 아기상어의 무지개 구출 작전,http://ticket.interpark.com/Ticket/Goods/GoodsInfo.asp?GoodsCode=24002524
오병이어,http://ticket.interpark.com/Ticket/Goods/GoodsInfo.asp?GoodsCode=24003155
페인터즈 - 서대문전용관,http://ticket.interpark.com/Ticket/Goods/GoodsInfo.asp?GoodsCode=24007854
이쇼 with 연남장 캬바레,http://ticket.interpark.com/Ticket/Goods/GoodsInfo.asp?GoodsCode=24009346
클럽 드바이,http://ticket.interpark.com/Ticket/Goods/GoodsInfo.asp?GoodsCode=24006515
연남장 캬바레 - 캬바레쇼 '아이위시',http://ticket.interpark.com/Ticket/Goods/GoodsInfo.asp?GoodsCode=24007986
뮤지컬 셰프,http://ticket.interpark.com/Ticket/Goods/GoodsInfo.asp?GoodsCode=24000872
반짝반짝 백설공주,http://ticket.interpark.com/Ticket/Goods/GoodsInfo.asp?GoodsCode=23017481
더 맨 얼라이브,http://ticket.interpark.com/Ticket/Goods/GoodsInfo.asp?GoodsCode=24000638
고고다이노 - 과천,http://ticket.interpark.com/Ticket/Goods/GoodsInfo.asp?GoodsCode=24008272
스크루테이프의 편지,http://ticket.interpark.com/Ticket/Goods/GoodsInfo.asp?GoodsCode=24000136
이벤져스,http://ticket.interpark.com/Ticket/Goods/GoodsInfo.asp?GoodsCode=24002353
피노키오야 노올자,http://ticket.interpark.com/Ticket/Goods/GoodsInfo.asp?GoodsCode=24002315
난타,http://ticket.interpark.com/Ticket/Goods/GoodsInfo.asp?GoodsCode=23012005
소년 이순신,http://ticket.interpark.com/Ticket/Goods/GoodsInfo.asp?GoodsCode=24002494
전기수,http://ticket.interpark.com/Ticket/Goods/GoodsInfo.asp?GoodsCode=24007639
인어공주,http://ticket.interpark.com/Ticket/Goods/GoodsInfo.asp?GoodsCode=24007073
빨간모자 - 청주,http://ticket.interpark.com/Ticket/Goods/GoodsInfo.asp?GoodsCode=18000670
엄마를 찾아라 - 김포,http://ticket.interpark.com/Ticket/Goods/GoodsInfo.asp?GoodsCode=24005787
햇님이 달님이 - 청주,http://ticket.interpark.com/Ticket/Goods/GoodsInfo.asp?GoodsCode=24001835
